Date & Time,Route Number,Route Name,Start Location,End Location,Total Distance (km),Bus Type,Vehicle Number,Traffic Volume,Passenger Count,Bus Speed (km/h),Delay Time (minutes),Congestion Level,Accident Reported,Weather Conditions,Fuel Consumption (liters),Ticket Revenue (â‚¹),Average Occupancy (%),Number of Stops,Duration (minutes)
2025-01-01 10:26:00,Route-306,Amreli to Botad,Amreli,Botad,94,Express,GJ-8-9814,206,27,65,1,Low,No,Sunny,22.83,12285,77.66,20,150
2025-01-01 06:53:00,Route-637,Porbandar to Veraval,Porbandar,Veraval,107,Luxury,GJ-4-7827,189,29,40,21,High,No,Foggy,14.01,13412,99.92,16,155
2025-01-01 09:15:00,Route-741,Porbandar to Veraval,Porbandar,Veraval,113,Local,GJ-16-9322,236,25,47,7,High,Yes,Rainy,10.79,5727,68.97,14,133
2025-01-01 08:17:00,Route-517,Amreli to Botad,Amreli,Botad,252,AC,GJ-14-5735,345,27,78,29,Low,No,Foggy,13.74,13315,56.53,5,75
2025-01-01 07:48:00,Route-928,Gandhinagar to Bhavnagar,Gandhinagar,Bhavnagar,227,AC,GJ-9-9688,372,60,76,25,Low,Yes,Sunny,14.76,3005,89.63,19,76
2025-01-01 09:20:00,Route-429,Surat to Rajkot,Surat,Rajkot,138,AC,GJ-11-5659,466,50,55,3,Low,No,Rainy,14.86,8675,97.13,17,134
2025-01-01 09:51:00,Route-725,Mehsana to Palanpur,Mehsana,Palanpur,222,Luxury,GJ-5-1397,425,50,72,17,High,No,Foggy,17.73,5502,58.64,20,239
2025-01-01 08:16:00,Route-571,Anand to Nadiad,Anand,Nadiad,245,Local,GJ-8-5967,300,45,73,3,Medium,Yes,Cloudy,11.25,5665,61.64,12,121
2025-01-01 06:49:00,Route-850,Mehsana to Palanpur,Mehsana,Palanpur,277,Sleeper,GJ-15-6571,106,28,43,20,Low,No,Rainy,19.37,4631,43.69,10,154
2025-01-01 09:01:00,Route-754,Bhuj to Gandhidham,Bhuj,Gandhidham,167,Luxury,GJ-1-8642,175,41,46,15,Low,Yes,Rainy,10.27,5361,70.85,14,181
2025-01-01 09:06:00,Route-992,Gandhinagar to Bhavnagar,Gandhinagar,Bhavnagar,212,Sleeper,GJ-11-2668,310,20,74,24,Medium,No,Rainy,23.3,7537,96.94,14,80
2025-01-01 08:05:00,Route-348,Anand to Nadiad,Anand,Nadiad,289,Express,GJ-10-4598,292,54,47,1,High,No,Cloudy,10.78,9962,45.75,16,181
2025-01-01 08:56:00,Route-810,Amreli to Botad,Amreli,Botad,140,Local,GJ-7-6611,410,60,53,8,Low,Yes,Sunny,13.58,8198,65.54,7,237
2025-01-01 09:08:00,Route-375,Porbandar to Veraval,Porbandar,Veraval,283,Luxury,GJ-7-5334,205,47,63,28,Low,No,Sunny,24.69,10263,66.52,16,141
2025-01-01 10:33:00,Route-466,Jamnagar to Junagadh,Jamnagar,Junagadh,81,AC,GJ-8-3434,310,50,72,11,High,Yes,Sunny,20.38,9322,83.81,11,229
2025-01-01 07:18:00,Route-805,Navsari to Valsad,Navsari,Valsad,69,Luxury,GJ-1-5787,463,23,58,23,Low,No,Cloudy,11.48,12820,41.14,8,140
2025-01-01 09:58:00,Route-199,Ahmedabad to Vadodara,Ahmedabad,Vadodara,272,Local,GJ-14-2356,263,54,56,20,High,No,Cloudy,21.95,8676,80.53,18,71
2025-01-01 07:52:00,Route-671,Gandhinagar to Bhavnagar,Gandhinagar,Bhavnagar,144,Express,GJ-5-5261,121,22,66,23,Low,No,Foggy,19.31,6301,83.47,7,220
2025-01-01 09:57:00,Route-829,Porbandar to Veraval,Porbandar,Veraval,265,Express,GJ-12-4039,465,58,78,6,Medium,Yes,Sunny,21.51,12568,45.85,5,186
2025-01-01 06:23:00,Route-718,Ahmedabad to Vadodara,Ahmedabad,Vadodara,213,AC,GJ-16-9454,368,47,51,2,Medium,No,Sunny,11.03,10911,98.22,9,104
2025-01-01 07:40:00,Route-313,Surat to Rajkot,Surat,Rajkot,279,Luxury,GJ-5-3151,113,53,62,21,Medium,Yes,Foggy,23.88,4780,55.88,5,88
2025-01-01 10:24:00,Route-648,Porbandar to Veraval,Porbandar,Veraval,145,Express,GJ-4-5674,263,21,76,12,Low,No,Cloudy,12.69,12959,97.51,10,68
2025-01-01 11:00:00,Route-266,Amreli to Botad,Amreli,Botad,282,Local,GJ-13-2043,294,59,49,29,Medium,No,Foggy,23.63,3231,83.0,14,111
2025-01-01 09:20:00,Route-248,Amreli to Botad,Amreli,Botad,298,Express,GJ-16-3248,272,56,80,0,Low,No,Sunny,24.17,4689,51.53,5,85
2025-01-01 08:39:00,Route-996,Surat to Rajkot,Surat,Rajkot,230,Sleeper,GJ-13-7395,313,42,79,12,Medium,No,Cloudy,15.91,14803,62.26,7,144
2025-01-01 09:51:00,Route-779,Jamnagar to Junagadh,Jamnagar,Junagadh,211,AC,GJ-15-7255,404,35,65,17,Low,Yes,Cloudy,22.21,13671,70.52,14,100
2025-01-01 08:03:00,Route-682,Porbandar to Veraval,Porbandar,Veraval,204,Luxury,GJ-14-6505,225,32,66,8,Low,No,Rainy,15.05,5347,84.44,12,64
2025-01-01 09:26:00,Route-953,Mehsana to Palanpur,Mehsana,Palanpur,116,Sleeper,GJ-14-9014,272,23,45,23,High,Yes,Sunny,18.14,7219,48.49,5,226
2025-01-01 09:15:00,Route-528,Surat to Rajkot,Surat,Rajkot,96,AC,GJ-2-4071,218,29,42,16,Low,Yes,Cloudy,15.06,13475,41.98,15,157
2025-01-01 08:58:00,Route-674,Mehsana to Palanpur,Mehsana,Palanpur,65,Sleeper,GJ-3-6592,282,32,51,8,High,Yes,Sunny,20.89,6976,57.53,5,63
2025-01-01 09:21:00,Route-303,Gandhinagar to Bhavnagar,Gandhinagar,Bhavnagar,209,Sleeper,GJ-11-2136,195,51,72,17,Low,No,Foggy,10.94,5565,57.08,13,127
2025-01-01 10:30:00,Route-934,Gandhinagar to Bhavnagar,Gandhinagar,Bhavnagar,81,Express,GJ-6-6491,298,24,67,13,High,Yes,Rainy,24.99,6185,45.16,7,87
2025-01-01 08:25:00,Route-257,Porbandar to Veraval,Porbandar,Veraval,118,Luxury,GJ-10-2476,290,56,65,15,Low,No,Foggy,21.28,12890,84.68,8,173
2025-01-01 07:33:00,Route-813,Porbandar to Veraval,Porbandar,Veraval,54,Express,GJ-3-2233,359,27,66,3,Low,Yes,Cloudy,15.03,3384,90.01,20,67
2025-01-01 09:25:00,Route-503,Mehsana to Palanpur,Mehsana,Palanpur,193,AC,GJ-16-7942,218,52,51,11,Medium,No,Sunny,23.05,8012,48.27,9,87
2025-01-01 06:33:00,Route-576,Navsari to Valsad,Navsari,Valsad,69,Luxury,GJ-6-3507,94,52,43,0,Low,No,Rainy,10.85,3023,90.67,10,127
2025-01-01 08:04:00,Route-872,Gandhinagar to Bhavnagar,Gandhinagar,Bhavnagar,178,Express,GJ-3-5382,479,21,56,2,Low,Yes,Foggy,12.76,3918,71.38,15,210
2025-01-01 06:54:00,Route-203,Surat to Rajkot,Surat,Rajkot,149,Express,GJ-6-9062,231,24,50,24,Low,Yes,Rainy,11.11,12596,62.45,7,89
2025-01-01 07:07:00,Route-162,Ahmedabad to Vadodara,Ahmedabad,Vadodara,208,Local,GJ-2-5772,242,37,57,25,Low,No,Foggy,16.37,14239,62.81,18,187
2025-01-01 09:48:00,Route-312,Anand to Nadiad,Anand,Nadiad,249,Sleeper,GJ-12-4470,107,46,51,3,Low,Yes,Rainy,20.91,7150,71.37,7,210
2025-01-01 07:32:00,Route-509,Bhuj to Gandhidham,Bhuj,Gandhidham,94,Luxury,GJ-6-4592,62,60,59,23,Low,Yes,Sunny,17.04,7519,61.54,7,89
2025-01-01 07:53:00,Route-110,Ahmedabad to Vadodara,Ahmedabad,Vadodara,237,Local,GJ-16-3040,65,39,43,7,Medium,Yes,Foggy,14.23,14853,96.71,20,138
2025-01-01 06:17:00,Route-608,Porbandar to Veraval,Porbandar,Veraval,227,Luxury,GJ-9-7711,211,38,55,20,Medium,No,Rainy,15.22,4784,65.86,10,237
2025-01-01 08:48:00,Route-552,Porbandar to Veraval,Porbandar,Veraval,66,Express,GJ-16-6365,66,34,66,1,High,No,Rainy,16.22,7976,90.28,18,126
2025-01-01 08:20:00,Route-382,Navsari to Valsad,Navsari,Valsad,203,Sleeper,GJ-10-9265,406,43,76,29,High,Yes,Foggy,10.92,2311,94.9,8,238
2025-01-01 07:50:00,Route-411,Ahmedabad to Vadodara,Ahmedabad,Vadodara,70,Express,GJ-8-1673,272,54,60,19,Medium,Yes,Rainy,16.79,2943,66.61,18,95
2025-01-01 06:38:00,Route-181,Bhuj to Gandhidham,Bhuj,Gandhidham,201,Sleeper,GJ-6-1004,60,34,58,30,Medium,No,Foggy,11.67,12597,98.96,13,228
2025-01-01 07:57:00,Route-337,Mehsana to Palanpur,Mehsana,Palanpur,275,Sleeper,GJ-12-3431,187,20,41,23,Medium,Yes,Sunny,18.14,6429,67.62,19,220
2025-01-01 10:22:00,Route-878,Gandhinagar to Bhavnagar,Gandhinagar,Bhavnagar,183,Luxury,GJ-9-1789,489,58,53,29,Low,No,Foggy,15.22,5941,52.36,18,194
2025-01-01 10:53:00,Route-495,Anand to Nadiad,Anand,Nadiad,216,Luxury,GJ-2-3668,309,51,75,12,Medium,Yes,Sunny,16.39,11354,78.91,9,192
2025-01-01 09:44:00,Route-866,Ahmedabad to Vadodara,Ahmedabad,Vadodara,178,Local,GJ-11-3991,465,21,44,13,Low,Yes,Sunny,13.72,6924,52.62,15,138
2025-01-01 08:31:00,Route-195,Porbandar to Veraval,Porbandar,Veraval,115,Sleeper,GJ-14-3535,286,36,70,25,Medium,Yes,Sunny,15.6,11131,90.85,9,81
2025-01-01 07:58:00,Route-329,Anand to Nadiad,Anand,Nadiad,292,Luxury,GJ-13-7888,283,30,69,12,Low,No,Sunny,11.86,9337,79.63,10,93
2025-01-01 09:44:00,Route-126,Navsari to Valsad,Navsari,Valsad,80,Sleeper,GJ-2-4218,56,59,80,0,High,No,Rainy,23.61,6111,55.77,17,75
2025-01-01 06:26:00,Route-788,Jamnagar to Junagadh,Jamnagar,Junagadh,192,Sleeper,GJ-8-1155,376,41,48,28,High,Yes,Rainy,18.03,4224,57.96,18,217
2025-01-01 09:46:00,Route-779,Navsari to Valsad,Navsari,Valsad,273,Express,GJ-5-9757,185,58,63,16,High,Yes,Rainy,23.55,9074,84.35,19,228
2025-01-01 08:07:00,Route-220,Anand to Nadiad,Anand,Nadiad,68,Sleeper,GJ-16-5104,312,43,65,1,High,No,Rainy,23.83,13406,42.39,8,160
2025-01-01 06:29:00,Route-782,Gandhinagar to Bhavnagar,Gandhinagar,Bhavnagar,162,Express,GJ-1-6315,121,56,45,24,High,Yes,Sunny,21.22,14390,97.05,7,88
2025-01-01 09:01:00,Route-730,Mehsana to Palanpur,Mehsana,Palanpur,200,Sleeper,GJ-11-2114,339,39,59,19,Medium,Yes,Foggy,13.35,2343,82.04,15,115
2025-01-01 08:44:00,Route-143,Gandhinagar to Bhavnagar,Gandhinagar,Bhavnagar,89,AC,GJ-6-4643,160,41,59,10,Medium,No,Cloudy,11.2,6868,81.58,18,206
2025-01-01 06:49:00,Route-390,Surat to Rajkot,Surat,Rajkot,86,Local,GJ-1-3678,86,28,53,9,Low,No,Foggy,11.3,8256,62.89,12,149
2025-01-01 07:56:00,Route-186,Anand to Nadiad,Anand,Nadiad,215,AC,GJ-16-7637,366,21,62,20,Low,No,Foggy,17.7,11813,66.28,13,110
2025-01-01 07:35:00,Route-736,Mehsana to Palanpur,Mehsana,Palanpur,125,Local,GJ-7-1366,58,51,71,0,High,No,Rainy,12.27,2366,86.53,18,100
2025-01-01 09:15:00,Route-146,Jamnagar to Junagadh,Jamnagar,Junagadh,210,Luxury,GJ-5-2260,460,57,75,14,Medium,No,Cloudy,12.23,11539,51.21,9,93
2025-01-01 09:07:00,Route-141,Anand to Nadiad,Anand,Nadiad,117,Local,GJ-16-2130,51,47,46,7,High,Yes,Rainy,16.58,12978,66.69,15,170
2025-01-01 08:08:00,Route-964,Surat to Rajkot,Surat,Rajkot,209,AC,GJ-10-7742,408,39,45,4,High,No,Sunny,23.36,7065,48.26,9,123
2025-01-01 07:58:00,Route-305,Mehsana to Palanpur,Mehsana,Palanpur,262,Local,GJ-15-8434,344,59,71,24,Medium,Yes,Cloudy,21.84,4172,42.35,15,196
2025-01-01 07:07:00,Route-906,Bhuj to Gandhidham,Bhuj,Gandhidham,270,Sleeper,GJ-2-9001,105,54,73,5,High,No,Cloudy,15.22,5688,90.09,6,149
2025-01-01 06:53:00,Route-916,Mehsana to Palanpur,Mehsana,Palanpur,198,AC,GJ-8-1957,322,39,45,27,High,Yes,Foggy,20.09,7021,88.75,12,234
2025-01-01 09:45:00,Route-606,Ahmedabad to Vadodara,Ahmedabad,Vadodara,89,Sleeper,GJ-9-4665,259,58,54,20,Low,No,Foggy,15.63,12695,64.92,12,100
2025-01-01 07:23:00,Route-366,Anand to Nadiad,Anand,Nadiad,68,Sleeper,GJ-10-7815,421,20,74,24,Medium,No,Foggy,20.91,14815,59.72,18,193
2025-01-01 08:48:00,Route-912,Gandhinagar to Bhavnagar,Gandhinagar,Bhavnagar,189,Sleeper,GJ-10-2229,63,33,40,17,High,Yes,Foggy,23.03,8464,70.8,19,232
2025-01-01 06:24:00,Route-916,Gandhinagar to Bhavnagar,Gandhinagar,Bhavnagar,132,Local,GJ-8-2961,265,38,41,20,Low,No,Sunny,18.96,14925,90.2,16,158
2025-01-01 10:44:00,Route-849,Anand to Nadiad,Anand,Nadiad,90,Local,GJ-6-5341,295,53,55,0,Medium,Yes,Foggy,14.98,12061,51.73,19,229
2025-01-01 11:00:00,Route-652,Jamnagar to Junagadh,Jamnagar,Junagadh,232,AC,GJ-16-1461,317,49,75,10,High,Yes,Foggy,18.48,8624,96.44,7,155
2025-01-01 09:19:00,Route-435,Porbandar to Veraval,Porbandar,Veraval,274,Sleeper,GJ-2-8435,130,26,62,17,Low,Yes,Cloudy,20.71,9446,46.57,14,166
2025-01-01 08:17:00,Route-424,Jamnagar to Junagadh,Jamnagar,Junagadh,179,AC,GJ-8-3434,489,27,44,30,High,No,Rainy,12.54,14980,86.83,15,78
2025-01-01 06:48:00,Route-427,Mehsana to Palanpur,Mehsana,Palanpur,201,Sleeper,GJ-16-5473,359,41,62,6,Low,Yes,Cloudy,18.5,14660,55.74,11,154
2025-01-01 10:07:00,Route-444,Jamnagar to Junagadh,Jamnagar,Junagadh,64,Luxury,GJ-6-8069,488,41,61,15,Medium,No,Foggy,16.38,12077,57.97,17,64
2025-01-01 07:42:00,Route-651,Surat to Rajkot,Surat,Rajkot,111,Sleeper,GJ-11-1652,487,44,74,27,High,No,Cloudy,16.7,5478,44.64,19,206
2025-01-01 08:56:00,Route-167,Anand to Nadiad,Anand,Nadiad,200,AC,GJ-12-8210,211,34,76,19,High,No,Foggy,22.06,14300,89.23,8,151
2025-01-01 09:07:00,Route-431,Porbandar to Veraval,Porbandar,Veraval,284,Local,GJ-15-5393,352,52,49,8,Medium,Yes,Rainy,22.39,14624,87.55,6,94
2025-01-01 09:06:00,Route-105,Mehsana to Palanpur,Mehsana,Palanpur,226,Luxury,GJ-1-5795,63,21,62,13,Low,Yes,Foggy,12.99,14486,65.04,19,108
2025-01-01 08:24:00,Route-822,Navsari to Valsad,Navsari,Valsad,268,Sleeper,GJ-12-6289,71,41,67,22,High,No,Rainy,14.46,3002,68.09,8,149
2025-01-01 10:35:00,Route-103,Jamnagar to Junagadh,Jamnagar,Junagadh,82,Luxury,GJ-4-7201,204,52,51,19,Low,No,Sunny,23.81,3753,95.66,11,154
2025-01-01 06:37:00,Route-481,Ahmedabad to Vadodara,Ahmedabad,Vadodara,245,Express,GJ-12-6359,184,35,40,17,High,No,Foggy,12.17,13107,56.03,17,139
2025-01-01 09:58:00,Route-571,Anand to Nadiad,Anand,Nadiad,210,Local,GJ-3-1304,370,38,78,7,Low,No,Cloudy,20.69,9840,85.84,13,205
2025-01-01 10:20:00,Route-623,Porbandar to Veraval,Porbandar,Veraval,181,Luxury,GJ-5-2122,263,26,73,19,High,No,Foggy,13.72,11883,52.34,11,135
2025-01-01 10:51:00,Route-489,Jamnagar to Junagadh,Jamnagar,Junagadh,138,AC,GJ-10-3332,230,29,58,22,Low,No,Foggy,23.21,8918,54.23,6,175
2025-01-01 10:41:00,Route-798,Porbandar to Veraval,Porbandar,Veraval,191,AC,GJ-14-1745,277,43,44,8,Low,No,Rainy,19.02,3237,80.49,6,149
2025-01-01 08:21:00,Route-962,Navsari to Valsad,Navsari,Valsad,241,Express,GJ-15-3377,281,22,43,5,Low,No,Foggy,17.68,9774,92.06,16,204
2025-01-01 06:32:00,Route-198,Navsari to Valsad,Navsari,Valsad,135,AC,GJ-11-2796,262,49,53,4,Low,Yes,Cloudy,23.15,5605,91.97,8,67
2025-01-01 10:42:00,Route-234,Surat to Rajkot,Surat,Rajkot,137,Express,GJ-11-1830,128,47,57,7,Medium,Yes,Foggy,17.49,5495,52.88,10,112
2025-01-01 10:19:00,Route-504,Bhuj to Gandhidham,Bhuj,Gandhidham,158,Sleeper,GJ-7-9474,200,40,78,23,Low,No,Sunny,16.57,9092,80.88,19,87
2025-01-01 07:34:00,Route-484,Surat to Rajkot,Surat,Rajkot,50,Luxury,GJ-14-8880,373,32,56,28,High,Yes,Rainy,16.65,6164,47.56,10,169
2025-01-01 10:57:00,Route-201,Amreli to Botad,Amreli,Botad,167,AC,GJ-5-9047,410,27,68,14,Low,Yes,Foggy,15.32,6713,56.69,7,162
2025-01-01 10:32:00,Route-554,Mehsana to Palanpur,Mehsana,Palanpur,124,Luxury,GJ-13-2132,228,21,68,12,Medium,Yes,Cloudy,17.68,14429,59.52,11,228
2025-01-01 08:45:00,Route-461,Amreli to Botad,Amreli,Botad,178,Luxury,GJ-3-9482,331,26,56,25,Low,Yes,Foggy,14.47,5382,94.8,20,232
2025-01-01 09:11:00,Route-200,Anand to Nadiad,Anand,Nadiad,176,Express,GJ-2-6264,386,44,63,8,High,Yes,Cloudy,21.32,4070,53.87,13,135
2025-01-01 09:01:00,Route-524,Anand to Nadiad,Anand,Nadiad,182,Luxury,GJ-3-9275,141,35,77,14,Low,Yes,Sunny,14.07,9857,67.34,14,184
2025-01-01 06:57:00,Route-426,Navsari to Valsad,Navsari,Valsad,141,Sleeper,GJ-16-3843,142,34,51,22,Medium,Yes,Foggy,15.31,14441,78.03,13,129
2025-01-01 10:35:00,Route-938,Porbandar to Veraval,Porbandar,Veraval,117,Local,GJ-11-4540,485,41,66,2,Medium,Yes,Sunny,12.29,14716,76.36,14,157
2025-01-01 08:05:00,Route-543,Navsari to Valsad,Navsari,Valsad,107,Sleeper,GJ-12-7473,236,31,62,17,Low,Yes,Sunny,17.74,4771,98.23,10,139
2025-01-01 07:15:00,Route-562,Amreli to Botad,Amreli,Botad,240,Sleeper,GJ-15-6698,369,30,48,12,Medium,No,Sunny,20.67,8487,73.03,16,67
2025-01-01 10:38:00,Route-284,Mehsana to Palanpur,Mehsana,Palanpur,294,Local,GJ-3-3793,444,45,55,29,Medium,No,Rainy,22.81,3302,65.17,12,85
2025-01-01 08:00:00,Route-309,Amreli to Botad,Amreli,Botad,211,Luxury,GJ-6-6452,216,36,43,13,Medium,Yes,Rainy,15.63,13663,92.75,10,184
2025-01-01 06:53:00,Route-588,Porbandar to Veraval,Porbandar,Veraval,295,AC,GJ-5-4875,453,34,57,24,Low,Yes,Foggy,20.58,14112,60.33,8,108
2025-01-01 08:42:00,Route-484,Mehsana to Palanpur,Mehsana,Palanpur,202,AC,GJ-13-3997,411,41,72,4,Low,No,Cloudy,12.68,6559,87.54,19,113
2025-01-01 07:17:00,Route-249,Jamnagar to Junagadh,Jamnagar,Junagadh,81,Luxury,GJ-5-6639,353,44,48,3,Low,No,Cloudy,17.64,13618,41.28,17,98
2025-01-01 08:35:00,Route-321,Bhuj to Gandhidham,Bhuj,Gandhidham,183,Local,GJ-4-4090,484,45,69,2,Medium,No,Foggy,19.71,11010,87.64,13,207
2025-01-01 09:10:00,Route-838,Ahmedabad to Vadodara,Ahmedabad,Vadodara,144,Local,GJ-14-8805,121,56,48,3,Medium,No,Rainy,13.84,5453,50.66,19,193
2025-01-01 07:15:00,Route-951,Amreli to Botad,Amreli,Botad,118,Express,GJ-12-5818,283,37,55,27,Medium,Yes,Sunny,22.84,6228,68.13,6,100
2025-01-01 09:22:00,Route-463,Jamnagar to Junagadh,Jamnagar,Junagadh,207,Express,GJ-13-7311,190,34,59,21,Medium,No,Rainy,16.68,12472,65.14,8,93
2025-01-01 09:37:00,Route-765,Porbandar to Veraval,Porbandar,Veraval,206,Luxury,GJ-14-7933,93,50,68,23,Medium,Yes,Foggy,21.57,2916,55.15,9,120
2025-01-01 06:52:00,Route-555,Gandhinagar to Bhavnagar,Gandhinagar,Bhavnagar,155,Local,GJ-9-2032,286,49,61,11,High,No,Sunny,12.63,8561,49.16,11,147
2025-01-01 07:38:00,Route-967,Bhuj to Gandhidham,Bhuj,Gandhidham,96,Express,GJ-7-2172,268,59,52,23,High,Yes,Sunny,15.4,10160,73.78,10,215
2025-01-01 08:19:00,Route-794,Anand to Nadiad,Anand,Nadiad,154,Luxury,GJ-4-8524,338,59,78,19,Medium,Yes,Rainy,13.56,11987,52.38,5,155
2025-01-01 08:13:00,Route-501,Anand to Nadiad,Anand,Nadiad,140,AC,GJ-13-5045,366,50,62,11,Medium,Yes,Foggy,11.41,14183,54.61,5,111
2025-01-01 09:19:00,Route-885,Mehsana to Palanpur,Mehsana,Palanpur,180,Local,GJ-11-6995,366,60,79,30,High,No,Rainy,18.19,4751,64.91,20,111
2025-01-01 06:40:00,Route-495,Gandhinagar to Bhavnagar,Gandhinagar,Bhavnagar,176,Local,GJ-12-5447,255,33,55,26,Low,Yes,Sunny,17.9,14090,95.86,16,60
2025-01-01 07:38:00,Route-734,Amreli to Botad,Amreli,Botad,53,Local,GJ-12-3315,292,34,49,19,Low,Yes,Cloudy,18.34,4343,93.3,17,172
2025-01-01 07:34:00,Route-333,Surat to Rajkot,Surat,Rajkot,187,AC,GJ-16-5248,237,24,77,20,High,Yes,Foggy,11.63,7614,69.2,14,96
2025-01-01 08:32:00,Route-736,Surat to Rajkot,Surat,Rajkot,287,Sleeper,GJ-10-8944,96,44,63,7,Low,Yes,Rainy,15.24,6065,77.08,15,153
2025-01-01 06:51:00,Route-105,Surat to Rajkot,Surat,Rajkot,167,AC,GJ-7-2949,208,37,66,27,Low,Yes,Foggy,10.08,13833,94.18,16,174
2025-01-01 08:14:00,Route-588,Amreli to Botad,Amreli,Botad,199,AC,GJ-1-7234,117,57,40,5,High,No,Cloudy,23.42,4046,99.97,9,113
2025-01-01 10:55:00,Route-241,Navsari to Valsad,Navsari,Valsad,276,Luxury,GJ-14-1423,305,58,68,22,Medium,Yes,Rainy,15.04,14228,75.32,20,180
2025-01-01 08:51:00,Route-754,Navsari to Valsad,Navsari,Valsad,180,Sleeper,GJ-5-6773,419,58,46,5,Low,No,Sunny,14.78,11289,86.14,7,168
2025-01-01 10:23:00,Route-773,Porbandar to Veraval,Porbandar,Veraval,241,Luxury,GJ-13-3138,208,35,40,13,Low,Yes,Foggy,22.06,14198,82.02,15,103
2025-01-01 07:16:00,Route-906,Mehsana to Palanpur,Mehsana,Palanpur,151,AC,GJ-12-8740,158,20,53,18,Medium,No,Foggy,10.34,10189,83.88,8,122
2025-01-01 09:49:00,Route-968,Porbandar to Veraval,Porbandar,Veraval,86,Local,GJ-13-7699,182,37,52,14,Low,Yes,Sunny,11.99,9215,45.97,14,173
2025-01-01 08:59:00,Route-725,Porbandar to Veraval,Porbandar,Veraval,213,Local,GJ-7-1054,312,41,50,28,High,No,Rainy,22.75,8840,40.69,10,224
2025-01-01 10:13:00,Route-723,Navsari to Valsad,Navsari,Valsad,102,Local,GJ-1-9071,91,40,57,25,High,Yes,Foggy,22.07,3685,93.24,12,146
2025-01-01 08:00:00,Route-716,Mehsana to Palanpur,Mehsana,Palanpur,298,Luxury,GJ-2-8522,480,56,70,20,Low,No,Foggy,19.77,8631,83.57,12,215
2025-01-01 09:54:00,Route-343,Jamnagar to Junagadh,Jamnagar,Junagadh,145,AC,GJ-9-6035,462,42,60,17,Low,No,Foggy,17.95,13575,74.98,18,131
2025-01-01 08:28:00,Route-646,Gandhinagar to Bhavnagar,Gandhinagar,Bhavnagar,283,Express,GJ-10-7625,429,53,69,8,Medium,Yes,Foggy,23.06,7310,83.41,18,213
2025-01-01 06:26:00,Route-249,Amreli to Botad,Amreli,Botad,224,Express,GJ-13-6278,386,54,61,5,High,No,Sunny,16.9,10502,50.06,10,222
2025-01-01 10:09:00,Route-533,Anand to Nadiad,Anand,Nadiad,247,Local,GJ-12-2366,403,59,63,17,Low,Yes,Foggy,20.87,6349,94.41,5,227
2025-01-01 08:02:00,Route-539,Amreli to Botad,Amreli,Botad,285,Local,GJ-7-2910,149,40,59,1,Medium,Yes,Sunny,23.63,5942,82.7,15,151
2025-01-01 07:50:00,Route-104,Surat to Rajkot,Surat,Rajkot,74,AC,GJ-16-5891,261,44,76,29,Medium,Yes,Foggy,13.19,9959,48.29,9,130
2025-01-01 09:43:00,Route-689,Mehsana to Palanpur,Mehsana,Palanpur,187,Local,GJ-10-1050,81,45,72,0,High,Yes,Cloudy,19.87,12990,62.79,20,144
2025-01-01 08:49:00,Route-276,Surat to Rajkot,Surat,Rajkot,254,Express,GJ-2-7770,308,46,70,28,High,Yes,Cloudy,18.46,14132,48.79,11,89
2025-01-01 10:13:00,Route-480,Amreli to Botad,Amreli,Botad,190,Luxury,GJ-8-8891,428,51,41,0,High,Yes,Cloudy,19.72,2883,50.85,11,108
2025-01-01 06:31:00,Route-822,Surat to Rajkot,Surat,Rajkot,154,Sleeper,GJ-7-8444,202,54,43,2,High,Yes,Foggy,14.22,2450,88.96,13,221
2025-01-01 07:03:00,Route-218,Navsari to Valsad,Navsari,Valsad,125,Sleeper,GJ-13-2794,362,57,52,26,High,No,Foggy,10.14,4544,81.54,16,201
2025-01-01 10:04:00,Route-125,Ahmedabad to Vadodara,Ahmedabad,Vadodara,284,Local,GJ-2-2741,400,51,56,16,Medium,No,Cloudy,17.19,5324,92.38,16,125
2025-01-01 08:05:00,Route-369,Navsari to Valsad,Navsari,Valsad,207,AC,GJ-16-4854,413,24,64,17,Low,Yes,Rainy,21.63,11352,90.36,14,125
2025-01-01 08:36:00,Route-779,Ahmedabad to Vadodara,Ahmedabad,Vadodara,284,AC,GJ-14-4830,429,59,57,7,Medium,No,Foggy,21.87,13293,57.51,8,163
2025-01-01 07:59:00,Route-227,Navsari to Valsad,Navsari,Valsad,82,Local,GJ-15-9263,136,50,66,11,Low,No,Rainy,14.06,14684,73.43,19,173
2025-01-01 09:01:00,Route-172,Jamnagar to Junagadh,Jamnagar,Junagadh,164,Local,GJ-5-6841,257,45,49,2,High,No,Sunny,23.31,7004,89.35,10,81
2025-01-01 09:17:00,Route-447,Porbandar to Veraval,Porbandar,Veraval,164,Local,GJ-16-9568,308,57,77,7,High,No,Sunny,15.03,4770,87.4,5,240
2025-01-01 07:22:00,Route-464,Ahmedabad to Vadodara,Ahmedabad,Vadodara,234,AC,GJ-7-4372,446,43,44,17,High,No,Foggy,24.95,7941,73.09,7,133
2025-01-01 10:31:00,Route-358,Anand to Nadiad,Anand,Nadiad,199,Local,GJ-6-8327,426,20,78,1,High,Yes,Rainy,14.37,3228,81.08,12,195
2025-01-01 07:24:00,Route-406,Gandhinagar to Bhavnagar,Gandhinagar,Bhavnagar,264,Express,GJ-2-1467,210,33,62,18,High,No,Foggy,24.79,6244,41.57,16,113
2025-01-01 08:45:00,Route-667,Ahmedabad to Vadodara,Ahmedabad,Vadodara,161,Luxury,GJ-1-7580,128,51,67,7,Low,No,Sunny,10.05,3203,89.01,16,136
2025-01-01 08:50:00,Route-137,Amreli to Botad,Amreli,Botad,128,AC,GJ-1-3024,467,57,57,24,High,No,Foggy,12.16,13014,60.83,18,74
2025-01-01 09:05:00,Route-861,Ahmedabad to Vadodara,Ahmedabad,Vadodara,185,AC,GJ-16-8919,393,40,49,24,Low,Yes,Cloudy,22.03,6265,61.82,9,201
2025-01-01 09:08:00,Route-678,Mehsana to Palanpur,Mehsana,Palanpur,133,Local,GJ-10-6449,400,58,75,3,Low,No,Rainy,12.67,10222,89.34,17,128
2025-01-01 10:54:00,Route-351,Gandhinagar to Bhavnagar,Gandhinagar,Bhavnagar,269,Express,GJ-4-6485,439,34,68,2,High,Yes,Foggy,18.33,2027,54.91,5,106
2025-01-01 09:23:00,Route-103,Gandhinagar to Bhavnagar,Gandhinagar,Bhavnagar,76,AC,GJ-3-1730,425,52,52,30,Medium,Yes,Sunny,16.91,14541,94.05,5,202
2025-01-01 10:32:00,Route-539,Mehsana to Palanpur,Mehsana,Palanpur,144,Luxury,GJ-13-1262,237,47,57,1,Medium,Yes,Sunny,10.34,8212,99.55,14,193
2025-01-01 06:47:00,Route-593,Gandhinagar to Bhavnagar,Gandhinagar,Bhavnagar,296,Express,GJ-5-9519,116,47,76,1,High,Yes,Cloudy,16.07,6414,84.65,7,232
2025-01-01 08:35:00,Route-418,Bhuj to Gandhidham,Bhuj,Gandhidham,279,Express,GJ-8-6702,270,39,70,26,Medium,No,Cloudy,10.59,6070,90.27,13,179
2025-01-01 06:16:00,Route-678,Surat to Rajkot,Surat,Rajkot,196,Sleeper,GJ-8-5204,214,22,72,20,Low,No,Rainy,11.4,7512,84.18,8,149
2025-01-01 07:57:00,Route-765,Gandhinagar to Bhavnagar,Gandhinagar,Bhavnagar,124,Express,GJ-10-6915,350,27,56,2,High,Yes,Cloudy,20.13,11728,44.14,18,240
2025-01-01 06:11:00,Route-209,Navsari to Valsad,Navsari,Valsad,288,Sleeper,GJ-13-6504,428,56,49,11,Low,No,Foggy,15.68,4058,40.34,9,219
2025-01-01 08:47:00,Route-494,Porbandar to Veraval,Porbandar,Veraval,261,Sleeper,GJ-12-2880,448,55,60,16,High,Yes,Cloudy,14.46,14066,53.33,19,191
2025-01-01 06:12:00,Route-999,Gandhinagar to Bhavnagar,Gandhinagar,Bhavnagar,171,Luxury,GJ-1-5844,104,37,69,13,High,Yes,Sunny,12.95,7222,44.32,11,132
2025-01-01 10:28:00,Route-163,Jamnagar to Junagadh,Jamnagar,Junagadh,58,Luxury,GJ-6-7634,99,57,65,8,High,Yes,Sunny,20.9,13182,73.18,7,66
2025-01-01 10:37:00,Route-143,Jamnagar to Junagadh,Jamnagar,Junagadh,69,AC,GJ-10-7286,398,41,63,2,Medium,No,Cloudy,15.33,14629,89.83,9,76
2025-01-01 10:51:00,Route-749,Navsari to Valsad,Navsari,Valsad,219,Express,GJ-16-4948,441,36,71,21,High,No,Cloudy,10.83,12557,88.22,15,128
2025-01-01 10:45:00,Route-782,Porbandar to Veraval,Porbandar,Veraval,272,Express,GJ-14-1974,397,28,42,4,Medium,No,Foggy,24.82,5182,85.13,13,133
2025-01-01 09:39:00,Route-128,Surat to Rajkot,Surat,Rajkot,77,Local,GJ-2-5505,231,44,40,26,High,Yes,Sunny,21.51,7919,80.15,13,116
2025-01-01 10:53:00,Route-487,Surat to Rajkot,Surat,Rajkot,153,Luxury,GJ-9-2018,206,29,55,23,Low,No,Foggy,17.05,2173,71.61,9,165
2025-01-01 10:08:00,Route-338,Mehsana to Palanpur,Mehsana,Palanpur,192,AC,GJ-13-4136,398,44,43,0,High,Yes,Foggy,13.99,13253,96.39,18,134
2025-01-01 09:21:00,Route-413,Amreli to Botad,Amreli,Botad,249,AC,GJ-2-5026,313,31,56,7,Medium,Yes,Foggy,20.76,12023,70.58,20,128
2025-01-01 06:10:00,Route-777,Navsari to Valsad,Navsari,Valsad,225,AC,GJ-16-9814,489,38,71,25,Low,Yes,Cloudy,16.75,14444,80.42,15,144
2025-01-01 08:41:00,Route-638,Anand to Nadiad,Anand,Nadiad,249,Luxury,GJ-16-3166,253,57,64,0,Low,Yes,Foggy,17.82,10012,79.51,11,214
2025-01-01 10:49:00,Route-511,Mehsana to Palanpur,Mehsana,Palanpur,263,AC,GJ-15-4395,284,37,45,16,Medium,No,Rainy,12.82,14262,86.76,20,155
2025-01-01 09:45:00,Route-453,Surat to Rajkot,Surat,Rajkot,79,AC,GJ-7-6304,408,33,54,28,Low,No,Cloudy,11.85,4741,67.77,8,126
2025-01-01 06:43:00,Route-381,Ahmedabad to Vadodara,Ahmedabad,Vadodara,234,Express,GJ-7-7647,452,51,45,8,Medium,No,Sunny,24.63,4169,45.05,17,167
2025-01-01 10:56:00,Route-534,Ahmedabad to Vadodara,Ahmedabad,Vadodara,100,Express,GJ-11-1902,226,20,57,14,Low,No,Sunny,21.21,14694,50.18,6,74
2025-01-01 07:31:00,Route-144,Jamnagar to Junagadh,Jamnagar,Junagadh,294,AC,GJ-16-3896,488,46,59,16,High,Yes,Rainy,24.47,9764,99.89,10,102
2025-01-01 07:54:00,Route-229,Ahmedabad to Vadodara,Ahmedabad,Vadodara,216,Local,GJ-5-5739,91,51,79,15,High,No,Sunny,20.88,3945,50.43,18,130
2025-01-01 06:33:00,Route-543,Navsari to Valsad,Navsari,Valsad,215,AC,GJ-11-5506,88,36,49,10,Medium,No,Rainy,23.92,9125,58.55,13,76
2025-01-01 10:09:00,Route-218,Jamnagar to Junagadh,Jamnagar,Junagadh,298,AC,GJ-10-4779,87,56,71,7,High,Yes,Foggy,12.9,3818,61.97,7,121
2025-01-01 08:27:00,Route-171,Amreli to Botad,Amreli,Botad,245,Sleeper,GJ-1-8485,284,29,78,1,High,Yes,Foggy,24.43,6106,94.85,6,100
2025-01-01 08:46:00,Route-373,Amreli to Botad,Amreli,Botad,129,AC,GJ-7-6011,227,36,66,30,High,No,Sunny,17.83,8189,91.76,14,193
2025-01-01 06:48:00,Route-319,Porbandar to Veraval,Porbandar,Veraval,107,Local,GJ-4-5724,233,36,61,19,Medium,Yes,Sunny,22.31,12068,70.49,20,216
2025-01-01 09:23:00,Route-748,Bhuj to Gandhidham,Bhuj,Gandhidham,86,Sleeper,GJ-15-5827,480,58,73,28,Medium,No,Cloudy,17.79,8779,66.81,8,105
2025-01-01 08:14:00,Route-777,Surat to Rajkot,Surat,Rajkot,214,AC,GJ-16-2433,159,34,52,21,Medium,No,Sunny,12.37,12858,76.85,12,125
2025-01-01 07:37:00,Route-618,Bhuj to Gandhidham,Bhuj,Gandhidham,251,AC,GJ-11-9821,99,52,49,10,High,Yes,Foggy,21.38,2630,88.16,17,127
2025-01-01 06:26:00,Route-693,Amreli to Botad,Amreli,Botad,250,Sleeper,GJ-4-9394,266,28,57,2,Medium,Yes,Rainy,18.18,10957,91.1,7,173
2025-01-01 10:15:00,Route-684,Amreli to Botad,Amreli,Botad,269,Luxury,GJ-7-8229,120,44,45,1,Medium,No,Foggy,19.21,3703,88.95,11,135
2025-01-01 10:26:00,Route-213,Gandhinagar to Bhavnagar,Gandhinagar,Bhavnagar,199,Express,GJ-4-9845,235,52,73,24,High,Yes,Sunny,22.03,8792,61.99,9,173
2025-01-01 10:02:00,Route-777,Jamnagar to Junagadh,Jamnagar,Junagadh,101,Sleeper,GJ-16-2471,320,52,68,10,Medium,Yes,Cloudy,12.71,14902,70.67,15,163
2025-01-01 08:22:00,Route-257,Mehsana to Palanpur,Mehsana,Palanpur,177,Sleeper,GJ-8-7754,300,48,42,9,High,Yes,Rainy,15.15,14121,72.14,18,231
2025-01-01 08:07:00,Route-821,Anand to Nadiad,Anand,Nadiad,166,Sleeper,GJ-12-5825,72,58,47,20,High,No,Foggy,12.64,6980,77.72,9,175
2025-01-01 06:23:00,Route-764,Anand to Nadiad,Anand,Nadiad,80,Sleeper,GJ-10-5836,244,37,55,7,Medium,No,Cloudy,23.39,6698,73.78,14,209
2025-01-01 07:54:00,Route-507,Ahmedabad to Vadodara,Ahmedabad,Vadodara,214,Sleeper,GJ-15-2637,223,57,45,2,Low,Yes,Cloudy,24.6,6302,87.6,15,220
2025-01-01 10:22:00,Route-916,Mehsana to Palanpur,Mehsana,Palanpur,93,AC,GJ-12-7319,455,55,46,20,Medium,No,Foggy,11.6,7948,84.24,17,93
